[
  {
    "firstName": "George",
    "middleInitial": null,
    "lastName": "Washington",
    "email": "George.Washington@wh.gov"
  },
  {
    "firstName": "John",
    "middleInitial": null,
    "lastName": "Adams",
    "email": "John.Adams@wh.gov"
  },
  {
    "firstName": "Thomas",
    "middleInitial": null,
    "lastName": "Jefferson",
    "email": "Thomas.Jefferson@wh.gov"
  },
  {
    "firstName": "James",
    "middleInitial": null,
    "lastName": "Madison",
    "email": "James.Madison@wh.gov"
  },
  {
    "firstName": "James",
    "middleInitial": null,
    "lastName": "Monroe",
    "email": "James.Monroe@wh.gov"
  },
  {
    "firstName": "John",
    "middleInitial": "Q",
    "lastName": "Adams",
    "email": "John.Q.Adams@wh.gov"
  },
  {
    "firstName": "Andrew",
    "middleInitial": null,
    "lastName": "Jackson",
    "email": "Andrew.Jackson@wh.gov"
  },
  {
    "firstName": "Martin",
    "middleInitial": null,
    "lastName": "Van Buren",
    "email": "Martin.Van Buren@wh.gov"
  },
  {
    "firstName": "William",
    "middleInitial": "H",
    "lastName": "Harrison",
    "email": "William.H.Harrison@wh.gov"
  },
  {
    "firstName": "John",
    "middleInitial": null,
    "lastName": "Tyler",
    "email": "John.Tyler@wh.gov"
  },
  {
    "firstName": "James",
    "middleInitial": "K",
    "lastName": "Polk",
    "email": "James.K.Polk@wh.gov"
  },
  {
    "firstName": "Zachary",
    "middleInitial": null,
    "lastName": "Taylor",
    "email": "Zachary.Taylor@wh.gov"
  },
  {
    "firstName": "Millard",
    "middleInitial": null,
    "lastName": "Fillmore",
    "email": "Millard.Fillmore@wh.gov"
  },
  {
    "firstName": "Frankon",
    "middleInitial": null,
    "lastName": "Pierce",
    "email": "Frankon.Pierce@wh.gov"
  },
  {
    "firstName": "James",
    "middleInitial": null,
    "lastName": "Buchanan",
    "email": "James.Buchanan@wh.gov"
  },
  {
    "firstName": "Abraham",
    "middleInitial": null,
    "lastName": "Lincoln",
    "email": "Abraham.Lincoln@wh.gov"
  },
  {
    "firstName": "Andrew",
    "middleInitial": null,
    "lastName": "Johnson",
    "email": "Andrew.Johnson@wh.gov"
  },
  {
    "firstName": "Ulysses",
    "middleInitial": "S",
    "lastName": "Grant",
    "email": "Ulysses.S.Grant@wh.gov"
  },
  {
    "firstName": "Rutherford",
    "middleInitial": "B",
    "lastName": "Hayes",
    "email": "Rutherford.B.Hayes@wh.gov"
  },
  {
    "firstName": "James",
    "middleInitial": "A",
    "lastName": "Garfield",
    "email": "James.A.Garfield@wh.gov"
  },
  {
    "firstName": "Chester`",
    "middleInitial": "A",
    "lastName": "Arthur",
    "email": "Chester`.A.Arthur@wh.gov"
  },
  {
    "firstName": "Grover",
    "middleInitial": null,
    "lastName": "Cleveland",
    "email": "Grover.Cleveland@wh.gov"
  },
  {
    "firstName": "Benjamin",
    "middleInitial": null,
    "lastName": "Harrison",
    "email": "Benjamin.Harrison@wh.gov"
  },
  {
    "firstName": "Grover",
    "middleInitial": null,
    "lastName": "Cleveland",
    "email": "Grover.Cleveland@wh.gov"
  },
  {
    "firstName": "William",
    "middleInitial": null,
    "lastName": "McKinley",
    "email": "William.McKinley@wh.gov"
  },
  {
    "firstName": "Theodore",
    "middleInitial": null,
    "lastName": "Roosevelt",
    "email": "Theodore.Roosevelt@wh.gov"
  },
  {
    "firstName": "William",
    "middleInitial": "H",
    "lastName": "Taft",
    "email": "William.H.Taft@wh.gov"
  },
  {
    "firstName": "Woodrow",
    "middleInitial": null,
    "lastName": "Wilson",
    "email": "Woodrow.Wilson@wh.gov"
  },
  {
    "firstName": "Warren",
    "middleInitial": "G",
    "lastName": "Harding",
    "email": "Warren.G.Harding@wh.gov"
  },
  {
    "firstName": "Calvin",
    "middleInitial": null,
    "lastName": "Coolidge",
    "email": "Calvin.Coolidge@wh.gov"
  },
  {
    "firstName": "Herber",
    "middleInitial": null,
    "lastName": "Hoover",
    "email": "Herber.Hoover@wh.gov"
  },
  {
    "firstName": "Franklin",
    "middleInitial": "D",
    "lastName": "Roosevelt",
    "email": "Franklin.D.Roosevelt@wh.gov"
  },
  {
    "firstName": "Harry",
    "middleInitial": "S",
    "lastName": "Truman",
    "email": "Harry.S.Truman@wh.gov"
  },
  {
    "firstName": "Dwight",
    "middleInitial": "D",
    "lastName": "Eisenhower",
    "email": "Dwight.D.Eisenhower@wh.gov"
  },
  {
    "firstName": "John",
    "middleInitial": "F",
    "lastName": "Kennedy",
    "email": "John.F.Kennedy@wh.gov"
  },
  {
    "firstName": "Lyndon",
    "middleInitial": "B",
    "lastName": "Johnson",
    "email": "Lyndon.B.Johnson@wh.gov"
  },
  {
    "firstName": "Richard",
    "middleInitial": "M",
    "lastName": "Nixon",
    "email": "Richard.M.Nixon@wh.gov"
  },
  {
    "firstName": "Gerald",
    "middleInitial": "R",
    "lastName": "Ford",
    "email": "Gerald.R.Ford@wh.gov"
  },
  {
    "firstName": "Jimmy",
    "middleInitial": null,
    "lastName": "Carter",
    "email": "Jimmy.Carter@wh.gov"
  },
  {
    "firstName": "Ronald",
    "middleInitial": null,
    "lastName": "Reagan",
    "email": "Ronald.Reagan@wh.gov"
  },
  {
    "firstName": "George",
    "middleInitial": "HW",
    "lastName": "Bush",
    "email": "George.HW.Bush@wh.gov"
  },
  {
    "firstName": "Bill",
    "middleInitial": null,
    "lastName": "Clinton",
    "email": "Bill.Clinton@wh.gov"
  },
  {
    "firstName": "George",
    "middleInitial": "W",
    "lastName": "Bush",
    "email": "George.W.Bush@wh.gov"
  },
  {
    "firstName": "Barack",
    "middleInitial": "H",
    "lastName": "Obama",
    "email": "Barack.H.Obama@wh.gov"
  },
  {
    "firstName": "Donald",
    "middleInitial": "J",
    "lastName": "Trump",
    "email": "Donald.J.Trump@wh.gov"
  }
]